{
    "lr": 0.00038895094276280277,
    "gamma": 0.9613393049513855,
    "cql_alpha": 1.8534485540719308,
    "tau": 0.006583471114493862
}